CaseId,Project,SourceRevision,Module,TestName,PublishedPatch,OriginalBytes,OriginalSha256,PublishedBytes,PublishedSha256,Sanitization,shared_static_mutable_counter,non_atomic_compound_increment,unbounded_condition_wait,busy_spin_yield,missing_interrupt_path,entry_reset_without_exit_cleanup,entry_reset_can_erase_early_signal,production_code_test_hook,generic_helper_collision_surface,absolute_diff_header,unbraced_control_flow_capture
FS001,Accenture/mercury,8586dc79f8bf75a929896f0aac03fe95824d9578,system/platform-core,org.platformlambda.core.MulticastTest#routingTest,patches/generated/FS001/EventEmitter.java.patch,1318,42a1edd03ea8c5cc44282f571a3685d5b34ae20fc1caecb96e7ab93f9f2e944d,1252,4028f7017d675346ee0d0de9d45c2f2c0574108601962410d9c8c5a8dbe2df8d,private absolute root redacted; patch hunks unchanged,1,1,0,0,0,0,0,1,1,1,0
FS001,Accenture/mercury,8586dc79f8bf75a929896f0aac03fe95824d9578,system/platform-core,org.platformlambda.core.MulticastTest#routingTest,patches/generated/FS001/MulticastTest.java.patch,1303,7397e4f5be3ccf7fc36f6f3a62f8557635faf73c43a1e8869286cc77d6c55eac,1237,ca20158ac79abaea907a4ebbc0eeb4647896c52191b67e4c816e07bbafa23621,private absolute root redacted; patch hunks unchanged,0,0,1,1,1,1,1,0,1,1,0
FS002,Alluxio/alluxio,78c063ae181279d81cbc0808a684864a8c8b311c,.,tachyon.DataServerTest#readTest,patches/generated/FS002/ClientFileInfo.java.patch,1401,a1396230a3fc67fca5ff93636afda21d7d1bb11f9a5d29e1fd23e2f037b29d4d,1335,8bfb8f998fea9584cf449eea1fe0b781f691e34218a3c89214b3cd4a75d332c9,private absolute root redacted; patch hunks unchanged,1,1,0,0,0,0,0,1,1,1,0
FS002,Alluxio/alluxio,78c063ae181279d81cbc0808a684864a8c8b311c,.,tachyon.DataServerTest#readTest,patches/generated/FS002/DataServerTest.java.patch,1045,af65f98fc8584717c6aba86afcbb087e2dc3734da6dc4882b82e00399e479100,979,76f1445bf349fb98ec23a15c2d31fe7bd3b55c6871d8c0b00fad1383ce225ac1,private absolute root redacted; patch hunks unchanged,0,0,1,1,1,1,1,0,1,1,0
FS003,Alluxio/alluxio,78c063ae181279d81cbc0808a684864a8c8b311c,.,tachyon.WorkerServiceHandlerTest#evictionTest,patches/generated/FS003/MasterService.java.patch,1293,595ffe709381ddd5157bbfe7e382de2798a7a4a67cd7f541e9733de93269c481,1227,a6eca1f2332cef420c45fc7fd2d938d4f527af2aa30aca0ee33c95abcf2b49f9,private absolute root redacted; patch hunks unchanged,1,1,0,0,0,0,0,1,1,1,0
FS003,Alluxio/alluxio,78c063ae181279d81cbc0808a684864a8c8b311c,.,tachyon.WorkerServiceHandlerTest#evictionTest,patches/generated/FS003/WorkerServiceHandlerTest.java.patch,1332,a27a9c61426c9514ff7dd72d5426bf58941ab2aad3274fa6f3deaf61801aea57,1266,75704ec18e4594b92a82e437f1385f82b31fce337f3fec09dfae661f50ebc9aa,private absolute root redacted; patch hunks unchanged,0,0,1,1,1,1,1,0,1,1,0
FS004,Alluxio/alluxio,78c063ae181279d81cbc0808a684864a8c8b311c,.,tachyon.client.TachyonFSTest#deleteFileTest,patches/generated/FS004/MasterService.java.patch,1222,147945c4bf1c02818fb8a47565e025df1910d905b9db75229523850304dc55dd,1156,159365483f13671f48fbd9634f168dc99f10430c8435ed3620a7d72b0bf0f729,private absolute root redacted; patch hunks unchanged,1,1,0,0,0,0,0,1,1,1,0
FS004,Alluxio/alluxio,78c063ae181279d81cbc0808a684864a8c8b311c,.,tachyon.client.TachyonFSTest#deleteFileTest,patches/generated/FS004/TachyonFSTest.java.patch,1126,04b97b1443013ec29f9264787977c6e4284c11d23f757ae5b2552f10fa39c27e,1060,a6e59b9dcd208415128ec9b97e1d08c1ece9b5bfa7ccadc49d8ddb0eade5434f,private absolute root redacted; patch hunks unchanged,0,0,1,1,1,1,1,0,1,1,0
FS005,Alluxio/alluxio,78c063ae181279d81cbc0808a684864a8c8b311c,.,tachyon.client.TachyonFSTest#lockBlockTest1,patches/generated/FS005/TachyonFSTest.java.patch,956,01abf01eb8d5b5c1ee22ed2df3ee1183d82cb38ad8fd02403f53a1f98c76d343,890,926e1e4b47b9fd1454b482c9a385bf7e8ea8906e729ccb4b4fee297e34f97206,private absolute root redacted; patch hunks unchanged,0,0,1,1,1,1,1,0,1,1,0
FS005,Alluxio/alluxio,78c063ae181279d81cbc0808a684864a8c8b311c,.,tachyon.client.TachyonFSTest#lockBlockTest1,patches/generated/FS005/Worker.java.patch,1146,c4d201778b9d8772c9cdc202af2d2ac5fd889c8186331ddbc6879cdb86ee133e,1080,3bf6d8bbd2cee7dd875c6db574bcc44945bc6d14768ac0b686132a9fe811fff6,private absolute root redacted; patch hunks unchanged,1,1,0,0,0,0,0,1,1,1,0
FS006,Alluxio/alluxio,78c063ae181279d81cbc0808a684864a8c8b311c,.,tachyon.client.TachyonFSTest#unlockBlockTest1,patches/generated/FS006/TachyonFSTest.java.patch,958,584f322c41083f4782f4de99b21cb2842bf01dfd66437cbfdb0fbfea8ee2b4ef,892,0b02e1243e8ef943654000406d45ac6fcef6e0b59e318aa25a570315308c0000,private absolute root redacted; patch hunks unchanged,0,0,1,1,1,1,1,0,1,1,0
FS006,Alluxio/alluxio,78c063ae181279d81cbc0808a684864a8c8b311c,.,tachyon.client.TachyonFSTest#unlockBlockTest1,patches/generated/FS006/Worker.java.patch,1146,dd61ef64be245e91228367c797029301425153471de19604a840dd6dd9b59eb2,1080,7e45536fc4bc108bee377cda404b07076ce5170abe7771c3805914acab411af4,private absolute root redacted; patch hunks unchanged,1,1,0,0,0,0,0,1,1,1,0
FS007,Alluxio/alluxio,78c063ae181279d81cbc0808a684864a8c8b311c,.,tachyon.client.TachyonFSTest#unlockBlockTest3,patches/generated/FS007/TachyonFSTest.java.patch,958,33a06e5284e2e5dade149c0f7955881365539c7a9d3bee78a11060bb16a12346,892,b09a2922a681ef5342ef1dd12ea7788755d579efef612562fc28558e7a74463d,private absolute root redacted; patch hunks unchanged,0,0,1,1,1,1,1,0,1,1,0
FS007,Alluxio/alluxio,78c063ae181279d81cbc0808a684864a8c8b311c,.,tachyon.client.TachyonFSTest#unlockBlockTest3,patches/generated/FS007/Worker.java.patch,1146,167e07aefe949458722baf30803160373fb6604b350018d817849b5027dcd10e,1080,432d68c4007b435a2dd41002b0529d383157c613a7e8d1221108f34a6c9f26a2,private absolute root redacted; patch hunks unchanged,1,1,0,0,0,0,0,1,1,1,0
FS014,TooTallNate/Java-WebSocket,fa3909c391195178ccf5a92d4ac342a30ae247c8,.,org.java_websocket.issues.Issue677Test#testIssue,patches/generated/FS014/Issue677Test.java.patch,1095,a5b2de5ab0b9dfe74367da288ddbb58c08464add7af42ee0c6421aa816c78009,1029,5ec3ee72cbff9088ae66994ceca7427dd6ef0b2af2b623625857c014a212160b,private absolute root redacted; patch hunks unchanged,0,0,1,1,1,1,1,0,1,1,0
FS014,TooTallNate/Java-WebSocket,fa3909c391195178ccf5a92d4ac342a30ae247c8,.,org.java_websocket.issues.Issue677Test#testIssue,patches/generated/FS014/WebSocketImpl.java.patch,1039,b77b0dd4bda6e27a87946370731e753f900fa90873df83ac468de4997041aa6e,973,d02f50b1f9aff6cacf552db27056d2f16dc32e46b95a95dd7d62791a965122e7,private absolute root redacted; patch hunks unchanged,1,1,0,0,0,0,0,1,1,1,0
FS016,alibaba/wasp,b2593d8,.,com.alibaba.wasp.executor.TestExecutorService#testExecutorService,patches/generated/FS016/EventHandler.java.patch,1245,745f16a4a3df79a031ba9c15a0319bda37c4e207e06d7a295fea1598a7e2b9f8,1179,8bfadd3b3bc0224b2addc41b41cea062fbc5cebb95f0e576e72b8d582b57796a,private absolute root redacted; patch hunks unchanged,1,1,0,0,0,0,0,1,1,1,0
FS016,alibaba/wasp,b2593d8,.,com.alibaba.wasp.executor.TestExecutorService#testExecutorService,patches/generated/FS016/TestExecutorService.java.patch,1101,11ae248723d958b1edd3e1beb4064ee352f24bfc9fe421b8677c49a59a1e3541,1035,d49db7a9604056686dbf475cf6260a30818e6315806d00619e1228ef69989824,private absolute root redacted; patch hunks unchanged,0,0,1,1,1,1,1,0,1,1,0
FS020,apache/httpcore,49247d208bde47f652812493e1d3576e136b8eb8,httpcore,org.apache.http.pool.TestConnPool#testLeaseTimeout,patches/generated/FS020/AbstractConnPool.java.patch,1254,fcc0573f1d22fd6c74ac74fb110b32036e7e7a5913e8288b8bba78fa63be3b9a,1188,ae08cc41b27be26aedd6f237d5dc7f974a9cd37c377c4e455250af8576036346,private absolute root redacted; patch hunks unchanged,1,1,0,0,0,0,0,1,1,1,0
FS020,apache/httpcore,49247d208bde47f652812493e1d3576e136b8eb8,httpcore,org.apache.http.pool.TestConnPool#testLeaseTimeout,patches/generated/FS020/TestConnPool.java.patch,1072,244758646d4eb20022084a44211309d6eb166cb8487ab834a8b411a537fd9042,1006,17cb988bdad72e61f42a8c968b96fbb82972b896199c207fc05f6263fa41ed71,private absolute root redacted; patch hunks unchanged,0,0,1,1,1,1,1,0,1,1,0
FS021,apache/incubator-uniffle,6fb2a9a63132ab9abbde2f1f9240f9caf2f5d0f0,common,org.apache.uniffle.common.rpc.GrpcServerTest#testGrpcExecutorPool,patches/generated/FS021/GrpcServer.java.patch,1249,ba4906c5c2df6fb2adddbc13b63180269662eb4fffad2877e815aa3873f3701c,1183,1a0dd75e01f2dfa3a2eb3151a18c6fdbd5f818e0199f3a077ab106bb0c411432,private absolute root redacted; patch hunks unchanged,1,1,0,0,0,0,0,1,1,1,0
FS021,apache/incubator-uniffle,6fb2a9a63132ab9abbde2f1f9240f9caf2f5d0f0,common,org.apache.uniffle.common.rpc.GrpcServerTest#testGrpcExecutorPool,patches/generated/FS021/GrpcServerTest.java.patch,1087,cabd30a97a4b6bdd88c57a355ef54c92d3c8befac53fec7f6bbd6f376d6416f3,1021,302b508986b58e51e94f9ae45a9b334e6b7e74fcab9c341aff0e1fe56e89d73e,private absolute root redacted; patch hunks unchanged,0,0,1,1,1,1,1,0,1,1,0
FS053,flaxsearch/luwak,c27ec08c803db6ca6be1b6e8017f45667e603161,luwak,uk.co.flax.luwak.matchers.TestPartitionMatcher#testParallelSlowLog,patches/generated/FS053/ConcurrentMatcherTestBase.java.patch,1092,9a69ac17626d4f9580fcfbda3689a9c0d08499f664c0f6b2f20857868f4176a1,1026,611002ffb5505087428db03f31250ebc63354dced18e51a1bab7d6720527e830,private absolute root redacted; patch hunks unchanged,0,0,1,1,1,1,1,0,1,1,0
FS053,flaxsearch/luwak,c27ec08c803db6ca6be1b6e8017f45667e603161,luwak,uk.co.flax.luwak.matchers.TestPartitionMatcher#testParallelSlowLog,patches/generated/FS053/PartitionMatcher.java.patch,1354,017858ca2575f7cf14372286041de52883f85c8e7380e9720d53f06d0df78a29,1288,595b3ca2fff2d6c170edef8de58fba3a382df9527921c3511319c002b38d6e4c,private absolute root redacted; patch hunks unchanged,1,1,0,0,0,0,0,1,1,1,0
FS056,kagkarlsson/db-scheduler,4a8a28e60640dcd03e8d3bf212f483d35b0b6310,.,com.github.kagkarlsson.scheduler.compatibility.HsqlCompatibilityTest#test_compatibility,patches/generated/FS056/CompatibilityTest.java.patch,997,1f771a36d6b49ebe88ec270615755d4e601d4da0abdc6734e6283d66196e782e,931,1802ce6f6fcfb5a004eb0d94ac3e24551bccdc416a3972b0e350a4512f4a0d8e,private absolute root redacted; patch hunks unchanged,0,0,1,1,1,1,1,0,1,1,0
FS056,kagkarlsson/db-scheduler,4a8a28e60640dcd03e8d3bf212f483d35b0b6310,.,com.github.kagkarlsson.scheduler.compatibility.HsqlCompatibilityTest#test_compatibility,patches/generated/FS056/Scheduler.java.patch,1148,df5da7714e48aa0f2c1babd08f65b38147b7ca3218940f9ac69eabb68e043280,1082,20ad32b3d07ddae983519a78eeb12a9409e119ada168cede2dc65773fd2086f8,private absolute root redacted; patch hunks unchanged,1,1,0,0,0,0,0,1,1,1,0
FS057,nlighten/tomcat_exporter,bc6a2d2,client,nl.nlighten.prometheus.tomcat.TomcatServletMetricsFilterTest#testServletRequestMetrics,patches/generated/FS057/TomcatServletMetricsFilter.java.patch,1320,62d27cee2082a4488acc7335fdb5131295a56bc0f58b260b69cbcc26829deec5,1254,d44cc59c22bb52d7238af0a6d46800194fcfa2c858a5e0b408296d7ccea13ff1,private absolute root redacted; patch hunks unchanged,1,1,0,0,0,0,0,1,1,1,0
FS057,nlighten/tomcat_exporter,bc6a2d2,client,nl.nlighten.prometheus.tomcat.TomcatServletMetricsFilterTest#testServletRequestMetrics,patches/generated/FS057/TomcatServletMetricsFilterTest.java.patch,1455,fd9f543889f92e63fd9ceca6c3b0f272fb711ae9b6d4e5767ad93eb39029ae1c,1389,050b4bf13ba1620bf3799a811f63536e74401aaed2ad740c6c0c34d4336c613b,private absolute root redacted; patch hunks unchanged,0,0,1,1,1,1,1,0,1,1,0
FS018,apache/dubbo,737f7a7ea67832d7f17517326fb2491d0a086dd7,dubbo-rpc/dubbo-rpc-dubbo,org.apache.dubbo.rpc.protocol.dubbo.DubboProtocolTest#testDemoProtocol,patches/generated/FS018/DubboProtocolTest.java.patch,1476,244669834e8f7dba6664aa3d289590348ddc3a472b27b1a238aa6b4527527f7a,1410,e94956a5b3fc70c2350aadc1986349a5229f986d870478880cd244e9f8e2dd2b,private absolute root redacted; patch hunks unchanged,0,0,1,1,1,1,1,0,1,1,0
FS018,apache/dubbo,737f7a7ea67832d7f17517326fb2491d0a086dd7,dubbo-rpc/dubbo-rpc-dubbo,org.apache.dubbo.rpc.protocol.dubbo.DubboProtocolTest#testDemoProtocol,patches/generated/FS018/ExtensionLoader.java.patch,1363,95b9c2c905f7d41cae54d3dab57e68127c469080e40056e8b791fecf29fe5da9,1297,dd8aea891be16f9e1b5293b9098213f9b069da3b2bfc6c9a7e56dc46f48a9b59,private absolute root redacted; patch hunks unchanged,1,1,0,0,0,0,0,1,1,1,1
FS019,apache/dubbo,737f7a7ea67832d7f17517326fb2491d0a086dd7,dubbo-rpc/dubbo-rpc-dubbo,org.apache.dubbo.rpc.protocol.dubbo.DubboProtocolTest#testNonSerializedParameter,patches/generated/FS019/DubboProtocolTest.java.patch,1568,b48d0b5d51e5f01eb5a7825768cdc3bc1870b93ee4ce394a38d4ccc774e25a1f,1502,369ad86e1faed3236a6c745f65ff727696e3fe499d50661c060e59e2c7a3ceb1,private absolute root redacted; patch hunks unchanged,0,0,1,1,1,1,1,0,1,1,0
FS019,apache/dubbo,737f7a7ea67832d7f17517326fb2491d0a086dd7,dubbo-rpc/dubbo-rpc-dubbo,org.apache.dubbo.rpc.protocol.dubbo.DubboProtocolTest#testNonSerializedParameter,patches/generated/FS019/ExtensionLoader.java.patch,1363,00b6a5ce68b312b302e3bdc082bc0dc680e412a4bafba337574c7f5f00365d54,1297,d306e0683231071126405ab1ac345549cd8f7e93999d2248063f1570f55d0c81,private absolute root redacted; patch hunks unchanged,1,1,0,0,0,0,0,1,1,1,1
FS058,qos-ch/logback,0f57531977287fd3d8c9046e9f68e281715f3b10,logback-classic,ch.qos.logback.classic.net.SMTPAppender_GreenTest#testCustomBufferSize,patches/generated/FS058/SMTPAppenderBase.java.patch,1058,25e73128898468aad2b5ed3bf7895194efd2397b882e780b76b1082aad8cc4b6,992,4dad8d768674da964dfda630f8883d253e9bea8dc70a3e120d04952398e0ca65,private absolute root redacted; patch hunks unchanged,1,1,0,0,0,0,0,1,1,1,0
FS058,qos-ch/logback,0f57531977287fd3d8c9046e9f68e281715f3b10,logback-classic,ch.qos.logback.classic.net.SMTPAppender_GreenTest#testCustomBufferSize,patches/generated/FS058/SMTPAppender_GreenTest.java.patch,1136,3b5f0c8d072d9357748264e74173162fe557485ba34e7c27124cd72e382a2072,1070,3b8476619e3c8573f7e5daae50a3a749908d72337e897cf983b5ba584b6289d6,private absolute root redacted; patch hunks unchanged,0,0,1,1,1,1,1,0,1,1,0
FS059,qos-ch/logback,0f57531977287fd3d8c9046e9f68e281715f3b10,logback-classic,ch.qos.logback.classic.net.SMTPAppender_GreenTest#testCustomEvaluator,patches/generated/FS059/SMTPAppenderBase.java.patch,1058,392c722378a56150b3ee0235d760e261b1eee1aa71634bba34f73aa3e424e8c4,992,6eb50257ec5aa3526024c6dad2b066dbab8ad32358449231a20ee0eb8a819d6d,private absolute root redacted; patch hunks unchanged,1,1,0,0,0,0,0,1,1,1,0
FS059,qos-ch/logback,0f57531977287fd3d8c9046e9f68e281715f3b10,logback-classic,ch.qos.logback.classic.net.SMTPAppender_GreenTest#testCustomEvaluator,patches/generated/FS059/SMTPAppender_GreenTest.java.patch,1134,27b66b7052857dbbf669bb02d81603200a26cac4daa5fe0da06220fe3c430804,1068,ea5ba9d4e96828d0435d2cabfb3c0caf260493c9f05c716a0ed250786af23800,private absolute root redacted; patch hunks unchanged,0,0,1,1,1,1,1,0,1,1,0
