CaseId,Slug,Sha,Modules,TestName,Outcome,PatchGoalExitCode,PatchGoalTimedOut,PatchCount,PatchBytes,WorkspaceRestored,ChangedSourceCount,LeakedOrigCount,Ledger
FS001,Accenture/mercury,8586dc79f8bf75a929896f0aac03fe95824d9578,system/platform-core,org.platformlambda.core.MulticastTest#routingTest,usable-patch-emitted,0,False,2,2621,True,0,0,<PRIVATE_STUDY_ROOT>/runs/artifact_location_patch_generation/cases/FS001/metadata.json
FS002,Alluxio/alluxio,78c063ae181279d81cbc0808a684864a8c8b311c,.,tachyon.DataServerTest#readTest,usable-patch-emitted,0,False,2,2446,True,0,0,<PRIVATE_STUDY_ROOT>/runs/artifact_location_patch_generation/cases/FS002/metadata.json
FS003,Alluxio/alluxio,78c063ae181279d81cbc0808a684864a8c8b311c,.,tachyon.WorkerServiceHandlerTest#evictionTest,usable-patch-emitted,0,False,2,2625,True,0,0,<PRIVATE_STUDY_ROOT>/runs/artifact_location_patch_generation/cases/FS003/metadata.json
FS004,Alluxio/alluxio,78c063ae181279d81cbc0808a684864a8c8b311c,.,tachyon.client.TachyonFSTest#deleteFileTest,usable-patch-emitted,0,False,2,2348,True,0,0,<PRIVATE_STUDY_ROOT>/runs/artifact_location_patch_generation/cases/FS004/metadata.json
FS005,Alluxio/alluxio,78c063ae181279d81cbc0808a684864a8c8b311c,.,tachyon.client.TachyonFSTest#lockBlockTest1,usable-patch-emitted,0,False,2,2102,True,0,0,<PRIVATE_STUDY_ROOT>/runs/artifact_location_patch_generation/cases/FS005/metadata.json
FS006,Alluxio/alluxio,78c063ae181279d81cbc0808a684864a8c8b311c,.,tachyon.client.TachyonFSTest#unlockBlockTest1,usable-patch-emitted,0,False,2,2104,True,0,0,<PRIVATE_STUDY_ROOT>/runs/artifact_location_patch_generation/cases/FS006/metadata.json
FS007,Alluxio/alluxio,78c063ae181279d81cbc0808a684864a8c8b311c,.,tachyon.client.TachyonFSTest#unlockBlockTest3,usable-patch-emitted,0,False,2,2104,True,0,0,<PRIVATE_STUDY_ROOT>/runs/artifact_location_patch_generation/cases/FS007/metadata.json
FS008,TooTallNate/Java-WebSocket,fa3909c391195178ccf5a92d4ac342a30ae247c8,.,org.java_websocket.issues.Issue580Test#runNoCloseBlockingTestScenario0,patch-goal-nonzero,1,False,0,0,False,1,2,<PRIVATE_STUDY_ROOT>/runs/artifact_location_patch_generation/cases/FS008/metadata.json
FS009,TooTallNate/Java-WebSocket,fa3909c391195178ccf5a92d4ac342a30ae247c8,.,org.java_websocket.issues.Issue580Test#runNoCloseBlockingTestScenario2,patch-goal-nonzero,1,False,0,0,False,1,2,<PRIVATE_STUDY_ROOT>/runs/artifact_location_patch_generation/cases/FS009/metadata.json
FS010,TooTallNate/Java-WebSocket,fa3909c391195178ccf5a92d4ac342a30ae247c8,.,org.java_websocket.issues.Issue580Test#runNoCloseBlockingTestScenario3,patch-goal-nonzero,1,False,0,0,False,1,2,<PRIVATE_STUDY_ROOT>/runs/artifact_location_patch_generation/cases/FS010/metadata.json
FS011,TooTallNate/Java-WebSocket,fa3909c391195178ccf5a92d4ac342a30ae247c8,.,org.java_websocket.issues.Issue580Test#runNoCloseBlockingTestScenario4,patch-goal-nonzero,1,False,0,0,False,1,2,<PRIVATE_STUDY_ROOT>/runs/artifact_location_patch_generation/cases/FS011/metadata.json
FS012,TooTallNate/Java-WebSocket,fa3909c391195178ccf5a92d4ac342a30ae247c8,.,org.java_websocket.issues.Issue580Test#runNoCloseBlockingTestScenario5,patch-goal-nonzero,1,False,0,0,False,1,2,<PRIVATE_STUDY_ROOT>/runs/artifact_location_patch_generation/cases/FS012/metadata.json
FS013,TooTallNate/Java-WebSocket,fa3909c391195178ccf5a92d4ac342a30ae247c8,.,org.java_websocket.issues.Issue580Test#runNoCloseBlockingTestScenario8,patch-goal-nonzero,1,False,0,0,False,1,2,<PRIVATE_STUDY_ROOT>/runs/artifact_location_patch_generation/cases/FS013/metadata.json
FS014,TooTallNate/Java-WebSocket,fa3909c391195178ccf5a92d4ac342a30ae247c8,.,org.java_websocket.issues.Issue677Test#testIssue,usable-patch-emitted,0,False,2,2134,True,0,0,<PRIVATE_STUDY_ROOT>/runs/artifact_location_patch_generation/cases/FS014/metadata.json
FS015,activiti/activiti,b11f757a,activiti-spring,org.activiti.spring.test.jobexecutor.SpringAsyncExecutorTest#testHappyJobExecutorPath,patch-goal-nonzero,1,False,0,0,True,0,0,<PRIVATE_STUDY_ROOT>/runs/artifact_location_patch_generation/cases/FS015/metadata.json
FS016,alibaba/wasp,b2593d8,.,com.alibaba.wasp.executor.TestExecutorService#testExecutorService,usable-patch-emitted,0,False,2,2346,True,0,0,<PRIVATE_STUDY_ROOT>/runs/artifact_location_patch_generation/cases/FS016/metadata.json
FS017,apache/dubbo,737f7a7ea67832d7f17517326fb2491d0a086dd7,dubbo-remoting/dubbo-remoting-netty,org.apache.dubbo.remoting.exchange.support.header.HeartbeatHandlerTest#testHeartbeat,no-usable-patch-emitted,0,False,0,0,True,0,0,<PRIVATE_STUDY_ROOT>/runs/artifact_location_patch_generation/cases/FS017/metadata.json
FS018,apache/dubbo,737f7a7ea67832d7f17517326fb2491d0a086dd7,dubbo-rpc/dubbo-rpc-dubbo,org.apache.dubbo.rpc.protocol.dubbo.DubboProtocolTest#testDemoProtocol,no-usable-patch-emitted,0,False,0,0,True,0,0,<PRIVATE_STUDY_ROOT>/runs/artifact_location_patch_generation/cases/FS018/metadata.json
FS019,apache/dubbo,737f7a7ea67832d7f17517326fb2491d0a086dd7,dubbo-rpc/dubbo-rpc-dubbo,org.apache.dubbo.rpc.protocol.dubbo.DubboProtocolTest#testNonSerializedParameter,no-usable-patch-emitted,0,False,0,0,True,0,0,<PRIVATE_STUDY_ROOT>/runs/artifact_location_patch_generation/cases/FS019/metadata.json
FS020,apache/httpcore,49247d208bde47f652812493e1d3576e136b8eb8,httpcore,org.apache.http.pool.TestConnPool#testLeaseTimeout,usable-patch-emitted,0,False,2,2326,True,0,0,<PRIVATE_STUDY_ROOT>/runs/artifact_location_patch_generation/cases/FS020/metadata.json
FS021,apache/incubator-uniffle,6fb2a9a63132ab9abbde2f1f9240f9caf2f5d0f0,common,org.apache.uniffle.common.rpc.GrpcServerTest#testGrpcExecutorPool,usable-patch-emitted,0,False,2,2336,True,0,0,<PRIVATE_STUDY_ROOT>/runs/artifact_location_patch_generation/cases/FS021/metadata.json
FS022,davidmoten/rxjava2-extras,7663d3b19295f12c35f80594efa1e507e98650b1,.,com.github.davidmoten.rx2.FlowablesTest#testCache,no-usable-patch-emitted,0,False,0,0,True,0,0,<PRIVATE_STUDY_ROOT>/runs/artifact_location_patch_generation/cases/FS022/metadata.json
FS023,davidmoten/rxjava2-extras,7663d3b19295f12c35f80594efa1e507e98650b1,.,com.github.davidmoten.rx2.flowable.TransformersTest#testBufferMaxCountAndTimeoutAsyncCountWins,no-usable-patch-emitted,0,False,0,0,True,0,0,<PRIVATE_STUDY_ROOT>/runs/artifact_location_patch_generation/cases/FS023/metadata.json
FS024,doanduyhai/Achilles,e3099bdce342910951c4862c78751fd81ed4552e,integration-test-2_1,info.archinnov.achilles.it.TestALLEntityAsChild#should_insert,no-usable-patch-emitted,0,False,0,0,True,0,0,<PRIVATE_STUDY_ROOT>/runs/artifact_location_patch_generation/cases/FS024/metadata.json
FS025,doanduyhai/Achilles,e3099bdce342910951c4862c78751fd81ed4552e,integration-test-2_1,info.archinnov.achilles.it.TestDSLSimpleEntity#should_dsl_select_with_token_value,no-usable-patch-emitted,0,False,0,0,True,0,0,<PRIVATE_STUDY_ROOT>/runs/artifact_location_patch_generation/cases/FS025/metadata.json
FS026,doanduyhai/Achilles,e3099bdce342910951c4862c78751fd81ed4552e,integration-test-2_1,info.archinnov.achilles.it.TestEntityWithComplexIndices#should_query_using_collection_index,no-usable-patch-emitted,0,False,0,0,True,0,0,<PRIVATE_STUDY_ROOT>/runs/artifact_location_patch_generation/cases/FS026/metadata.json
FS027,doanduyhai/Achilles,e3099bdce342910951c4862c78751fd81ed4552e,integration-test-2_1,info.archinnov.achilles.it.TestEntityWithComplexIndices#should_query_using_full_collection_index,no-usable-patch-emitted,0,False,0,0,True,0,0,<PRIVATE_STUDY_ROOT>/runs/artifact_location_patch_generation/cases/FS027/metadata.json
FS028,doanduyhai/Achilles,e3099bdce342910951c4862c78751fd81ed4552e,integration-test-2_1,info.archinnov.achilles.it.TestEntityWithComplexIndices#should_query_using_index_and_clustering_column,no-usable-patch-emitted,0,False,0,0,True,0,0,<PRIVATE_STUDY_ROOT>/runs/artifact_location_patch_generation/cases/FS028/metadata.json
FS029,doanduyhai/Achilles,e3099bdce342910951c4862c78751fd81ed4552e,integration-test-2_1,info.archinnov.achilles.it.TestEntityWithComplexIndices#should_query_using_index_and_clustering_column_slice,no-usable-patch-emitted,0,False,0,0,True,0,0,<PRIVATE_STUDY_ROOT>/runs/artifact_location_patch_generation/cases/FS029/metadata.json
FS030,doanduyhai/Achilles,e3099bdce342910951c4862c78751fd81ed4552e,integration-test-2_1,info.archinnov.achilles.it.TestEntityWithComplexIndices#should_query_using_index_and_multi_clustering_columns_slice,no-usable-patch-emitted,0,False,0,0,True,0,0,<PRIVATE_STUDY_ROOT>/runs/artifact_location_patch_generation/cases/FS030/metadata.json
FS031,doanduyhai/Achilles,e3099bdce342910951c4862c78751fd81ed4552e,integration-test-2_1,info.archinnov.achilles.it.TestEntityWithComplexIndices#should_query_using_map_key_entry,no-usable-patch-emitted,0,False,0,0,True,0,0,<PRIVATE_STUDY_ROOT>/runs/artifact_location_patch_generation/cases/FS031/metadata.json
FS032,doanduyhai/Achilles,e3099bdce342910951c4862c78751fd81ed4552e,integration-test-2_1,info.archinnov.achilles.it.TestEntityWithComplexIndices#should_query_using_map_key_index,no-usable-patch-emitted,0,False,0,0,True,0,0,<PRIVATE_STUDY_ROOT>/runs/artifact_location_patch_generation/cases/FS032/metadata.json
FS033,doanduyhai/Achilles,e3099bdce342910951c4862c78751fd81ed4552e,integration-test-2_1,info.archinnov.achilles.it.TestEntityWithComplexIndices#should_query_using_map_key_value,no-usable-patch-emitted,0,False,0,0,True,0,0,<PRIVATE_STUDY_ROOT>/runs/artifact_location_patch_generation/cases/FS033/metadata.json
FS034,doanduyhai/Achilles,e3099bdce342910951c4862c78751fd81ed4552e,integration-test-2_1,info.archinnov.achilles.it.TestEntityWithComplexIndices#should_query_using_simple_index,no-usable-patch-emitted,0,False,0,0,True,0,0,<PRIVATE_STUDY_ROOT>/runs/artifact_location_patch_generation/cases/FS034/metadata.json
FS035,doanduyhai/Achilles,e3099bdce342910951c4862c78751fd81ed4552e,integration-test-2_1,info.archinnov.achilles.it.bugs.TestEntityWithCaseSensitivePKIT#should_dsl_select_with_token_value,no-usable-patch-emitted,0,False,0,0,True,0,0,<PRIVATE_STUDY_ROOT>/runs/artifact_location_patch_generation/cases/FS035/metadata.json
FS036,doanduyhai/Achilles,e3099bdce342910951c4862c78751fd81ed4552e,integration-test-2_2,info.archinnov.achilles.it.TestEntityWithIndicesForJSON#should_query_using_collection_index_fromJSON,no-usable-patch-emitted,0,False,0,0,True,0,0,<PRIVATE_STUDY_ROOT>/runs/artifact_location_patch_generation/cases/FS036/metadata.json
FS037,doanduyhai/Achilles,e3099bdce342910951c4862c78751fd81ed4552e,integration-test-2_2,info.archinnov.achilles.it.TestEntityWithIndicesForJSON#should_query_using_full_collection_index_fromJSON,no-usable-patch-emitted,0,False,0,0,True,0,0,<PRIVATE_STUDY_ROOT>/runs/artifact_location_patch_generation/cases/FS037/metadata.json
FS038,doanduyhai/Achilles,e3099bdce342910951c4862c78751fd81ed4552e,integration-test-2_2,info.archinnov.achilles.it.TestEntityWithIndicesForJSON#should_query_using_index_and_clustering_column_fromJSON,no-usable-patch-emitted,0,False,0,0,True,0,0,<PRIVATE_STUDY_ROOT>/runs/artifact_location_patch_generation/cases/FS038/metadata.json
FS039,doanduyhai/Achilles,e3099bdce342910951c4862c78751fd81ed4552e,integration-test-2_2,info.archinnov.achilles.it.TestEntityWithIndicesForJSON#should_query_using_map_key_entry_fromJSON,no-usable-patch-emitted,0,False,0,0,True,0,0,<PRIVATE_STUDY_ROOT>/runs/artifact_location_patch_generation/cases/FS039/metadata.json
FS040,doanduyhai/Achilles,e3099bdce342910951c4862c78751fd81ed4552e,integration-test-2_2,info.archinnov.achilles.it.TestEntityWithIndicesForJSON#should_query_using_map_key_index_fromJSON,no-usable-patch-emitted,0,False,0,0,True,0,0,<PRIVATE_STUDY_ROOT>/runs/artifact_location_patch_generation/cases/FS040/metadata.json
FS041,doanduyhai/Achilles,e3099bdce342910951c4862c78751fd81ed4552e,integration-test-2_2,info.archinnov.achilles.it.TestEntityWithIndicesForJSON#should_query_using_map_key_value_fromJSON,no-usable-patch-emitted,0,False,0,0,True,0,0,<PRIVATE_STUDY_ROOT>/runs/artifact_location_patch_generation/cases/FS041/metadata.json
FS042,doanduyhai/Achilles,e3099bdce342910951c4862c78751fd81ed4552e,integration-test-2_2,info.archinnov.achilles.it.TestEntityWithIndicesForJSON#should_query_using_simple_index_fromJSON,no-usable-patch-emitted,0,False,0,0,True,0,0,<PRIVATE_STUDY_ROOT>/runs/artifact_location_patch_generation/cases/FS042/metadata.json
FS043,doanduyhai/Achilles,e3099bdce342910951c4862c78751fd81ed4552e,integration-test-3_10,info.archinnov.achilles.it.TestEntityForGroupByIT#should_select_sum_group_by_partition_keys,no-usable-patch-emitted,0,False,0,0,True,0,0,<PRIVATE_STUDY_ROOT>/runs/artifact_location_patch_generation/cases/FS043/metadata.json
FS044,doanduyhai/Achilles,e3099bdce342910951c4862c78751fd81ed4552e,integration-test-3_10,info.archinnov.achilles.it.TestEntityForGroupByIT#should_select_sum_group_by_partition_keys_and_one_clustering,no-usable-patch-emitted,0,False,0,0,True,0,0,<PRIVATE_STUDY_ROOT>/runs/artifact_location_patch_generation/cases/FS044/metadata.json
FS045,doanduyhai/Achilles,e3099bdce342910951c4862c78751fd81ed4552e,integration-test-3_7,info.archinnov.achilles.it.TestEntityWithSASIIndices#should_search_using_contains,no-usable-patch-emitted,0,False,0,0,True,0,0,<PRIVATE_STUDY_ROOT>/runs/artifact_location_patch_generation/cases/FS045/metadata.json
FS046,doanduyhai/Achilles,e3099bdce342910951c4862c78751fd81ed4552e,integration-test-3_7,info.archinnov.achilles.it.TestEntityWithSASIIndices#should_search_using_end_with,no-usable-patch-emitted,0,False,0,0,True,0,0,<PRIVATE_STUDY_ROOT>/runs/artifact_location_patch_generation/cases/FS046/metadata.json
FS047,doanduyhai/Achilles,e3099bdce342910951c4862c78751fd81ed4552e,integration-test-3_7,info.archinnov.achilles.it.TestEntityWithSASIIndices#should_search_using_eq_non_tokenizer,no-usable-patch-emitted,0,False,0,0,True,0,0,<PRIVATE_STUDY_ROOT>/runs/artifact_location_patch_generation/cases/FS047/metadata.json
FS048,doanduyhai/Achilles,e3099bdce342910951c4862c78751fd81ed4552e,integration-test-3_7,info.archinnov.achilles.it.TestEntityWithSASIIndices#should_search_using_like,no-usable-patch-emitted,0,False,0,0,True,0,0,<PRIVATE_STUDY_ROOT>/runs/artifact_location_patch_generation/cases/FS048/metadata.json
FS049,doanduyhai/Achilles,e3099bdce342910951c4862c78751fd81ed4552e,integration-test-3_7,info.archinnov.achilles.it.TestEntityWithSASIIndices#should_search_using_like_non_tokenizer,no-usable-patch-emitted,0,False,0,0,True,0,0,<PRIVATE_STUDY_ROOT>/runs/artifact_location_patch_generation/cases/FS049/metadata.json
FS050,doanduyhai/Achilles,e3099bdce342910951c4862c78751fd81ed4552e,integration-test-3_7,info.archinnov.achilles.it.TestEntityWithSASIIndices#should_search_using_prefix_non_tokenizer,no-usable-patch-emitted,0,False,0,0,True,0,0,<PRIVATE_STUDY_ROOT>/runs/artifact_location_patch_generation/cases/FS050/metadata.json
FS051,elasticjob/elastic-job-lite,a7042cf4872d784d619e4560cdfa0f92b0311965,elasticjob-infra/elasticjob-infra-common,org.apache.shardingsphere.elasticjob.infra.concurrent.ElasticJobExecutorServiceTest#assertCreateExecutorService,no-usable-patch-with-workspace-restoration-defect,0,False,0,0,False,1,1,<PRIVATE_STUDY_ROOT>/runs/artifact_location_patch_generation/cases/FS051/metadata.json
FS052,feroult/yawp,b3bcf9c958d51b3b3f8fdd0ccc26923d5a531da1,yawp-testing/yawp-testing-appengine,io.yawp.testing.appengine.pipes.flow.FlowDropsTest#testFlowDropsToSameSink,no-usable-patch-emitted,0,False,0,0,True,0,0,<PRIVATE_STUDY_ROOT>/runs/artifact_location_patch_generation/cases/FS052/metadata.json
FS053,flaxsearch/luwak,c27ec08c803db6ca6be1b6e8017f45667e603161,luwak,uk.co.flax.luwak.matchers.TestPartitionMatcher#testParallelSlowLog,usable-patch-emitted,0,False,2,2446,True,0,0,<PRIVATE_STUDY_ROOT>/runs/artifact_location_patch_generation/cases/FS053/metadata.json
FS054,fluent/fluent-logger-java,2e5fdf2dbed59cc5af88442ceae6cbe72f321060,.,org.fluentd.logger.TestFluentLogger#testInMultiThreading,no-usable-patch-with-workspace-restoration-defect,0,False,0,0,False,1,1,<PRIVATE_STUDY_ROOT>/runs/artifact_location_patch_generation/cases/FS054/metadata.json
FS055,javadelight/delight-nashorn-sandbox,da35edc0a75424bad8cbf60959fae253202154c4,.,delight.nashornsandbox.TestGetFunction#test,patch-goal-nonzero,1,False,0,0,True,0,0,<PRIVATE_STUDY_ROOT>/runs/artifact_location_patch_generation/cases/FS055/metadata.json
FS056,kagkarlsson/db-scheduler,4a8a28e60640dcd03e8d3bf212f483d35b0b6310,.,com.github.kagkarlsson.scheduler.compatibility.HsqlCompatibilityTest#test_compatibility,usable-patch-emitted,0,False,2,2145,True,0,0,<PRIVATE_STUDY_ROOT>/runs/artifact_location_patch_generation/cases/FS056/metadata.json
FS057,nlighten/tomcat_exporter,bc6a2d2,client,nl.nlighten.prometheus.tomcat.TomcatServletMetricsFilterTest#testServletRequestMetrics,usable-patch-emitted,0,False,2,2775,True,0,0,<PRIVATE_STUDY_ROOT>/runs/artifact_location_patch_generation/cases/FS057/metadata.json
FS058,qos-ch/logback,0f57531977287fd3d8c9046e9f68e281715f3b10,logback-classic,ch.qos.logback.classic.net.SMTPAppender_GreenTest#testCustomBufferSize,no-usable-patch-emitted,0,False,0,0,True,0,0,<PRIVATE_STUDY_ROOT>/runs/artifact_location_patch_generation/cases/FS058/metadata.json
FS059,qos-ch/logback,0f57531977287fd3d8c9046e9f68e281715f3b10,logback-classic,ch.qos.logback.classic.net.SMTPAppender_GreenTest#testCustomEvaluator,no-usable-patch-emitted,0,False,0,0,True,0,0,<PRIVATE_STUDY_ROOT>/runs/artifact_location_patch_generation/cases/FS059/metadata.json
FS060,qos-ch/logback,0f57531977287fd3d8c9046e9f68e281715f3b10,logback-core,ch.qos.logback.core.FileAppenderResilienceTest#smoke,no-usable-patch-emitted,0,False,0,0,True,0,0,<PRIVATE_STUDY_ROOT>/runs/artifact_location_patch_generation/cases/FS060/metadata.json
FS061,square/okhttp,129c937fb33328e1f4ee8815a94e89676f242c2c,okhttp-tests,com.squareup.okhttp.internal.spdy.SpdyConnectionTest#receiveGoAway,no-usable-patch-emitted,0,False,0,0,True,0,0,<PRIVATE_STUDY_ROOT>/runs/artifact_location_patch_generation/cases/FS061/metadata.json
FS062,undertow-io/undertow,d0efffad5d2034bb07525cac9b299dac72c3045d,websockets-jsr,io.undertow.websockets.jsr.test.JsrWebSocketServer07Test#testErrorHandling,no-usable-patch-emitted,0,False,0,0,True,0,0,<PRIVATE_STUDY_ROOT>/runs/artifact_location_patch_generation/cases/FS062/metadata.json
FS063,undertow-io/undertow,d0efffad5d2034bb07525cac9b299dac72c3045d,websockets-jsr,io.undertow.websockets.jsr.test.JsrWebSocketServer08Test#testErrorHandling,no-usable-patch-emitted,0,False,0,0,True,0,0,<PRIVATE_STUDY_ROOT>/runs/artifact_location_patch_generation/cases/FS063/metadata.json
FS064,undertow-io/undertow,d0efffad5d2034bb07525cac9b299dac72c3045d,websockets-jsr,io.undertow.websockets.jsr.test.JsrWebSocketServer13Test#testErrorHandling,no-usable-patch-emitted,0,False,0,0,True,0,0,<PRIVATE_STUDY_ROOT>/runs/artifact_location_patch_generation/cases/FS064/metadata.json
FS065,vmware/admiral,e4b02936cc7d4ff2714e7231db0c4373ba5d48a2,adapter/registry,com.vmware.admiral.adapter.registry.service.RegistryAdapterServiceTest#testDockerHubListImageTags,no-usable-patch-emitted,0,False,0,0,True,0,0,<PRIVATE_STUDY_ROOT>/runs/artifact_location_patch_generation/cases/FS065/metadata.json
FS066,vmware/admiral,e4b02936cc7d4ff2714e7231db0c4373ba5d48a2,adapter/registry,com.vmware.admiral.adapter.registry.service.RegistryAdapterServiceTest#testSameRegistryAsGlobalAndProject,no-usable-patch-emitted,0,False,0,0,True,0,0,<PRIVATE_STUDY_ROOT>/runs/artifact_location_patch_generation/cases/FS066/metadata.json
FS067,vmware/admiral,e4b02936cc7d4ff2714e7231db0c4373ba5d48a2,adapter/registry,com.vmware.admiral.adapter.registry.service.RegistryAdapterServiceTest#testSameRegistryTwoDifferentProjectsNotRemoveOldTenantLinkShouldFail,no-usable-patch-emitted,0,False,0,0,True,0,0,<PRIVATE_STUDY_ROOT>/runs/artifact_location_patch_generation/cases/FS067/metadata.json
